City,Previous_Month,Month_Year,Previous_Review_Count,Review_Count,JS_Drift,Cosine_Drift,Robust_Z,Drift_Category,Dominant_Emotion,Dominant_Change,Dominant_Direction,Delta_Anger,Delta_Disgust,Delta_Fear,Delta_Joy,Delta_Neutral,Delta_Sadness,Delta_Surprise
Miami,2020-11-01,2020-12-01,10.0,13,0.4237307423232837,0.33941276965827416,4.599705603870418,Extreme Drift,Disgust,-0.36470308501962934,Decrease,0.009390665979411177,-0.36470308501962934,0.04251090275535648,-0.08051181553030173,0.15760952753659624,0.09856015167270715,0.13714365023725594
Marrakech,2024-11-01,2024-12-01,23.0,24,0.2977252008536263,0.21348622647409288,4.523350600077433,Extreme Drift,Joy,-0.2666156861052277,Decrease,0.0696990778431401,0.1464867298035761,0.06513414804562608,-0.2666156861052277,-0.030371273203037563,0.03058729139139768,-0.014920277532824475
Paris,2021-03-01,2021-04-01,10.0,16,0.2721839921432579,0.25648993409518717,3.365464548100206,Notable Drift,Neutral,0.29014271581545475,Increase,0.007283719949191451,0.020054663927294287,-0.007681650592712697,-0.27448800941638185,0.29014271581545475,0.040357193606905636,-0.07566863877000285
Barcelona,2022-07-01,2022-08-01,78.0,12,0.29875694802233166,0.21482981121296962,3.1957926640114946,Notable Drift,Neutral,0.29316609327753007,Increase,-0.004623016638036543,-0.05562624340736641,-0.0031636934742355627,-0.22482150189805394,0.29316609327753007,-0.09001119067080511,0.08507952763316914
Marrakech,2021-10-01,2021-11-01,25.0,15,0.23752701520846445,0.1701160006156327,3.127092825600648,Notable Drift,Joy,-0.2012901966739446,Decrease,-0.06142322303106389,0.025535574230986326,0.02647667380127435,-0.2012901966739446,0.14980514281739793,-0.058676025901610626,0.11957204849924888
Cairo,2023-03-01,2023-04-01,20.0,21,0.2872792802721843,0.15471709387317967,2.8501244793547613,Notable Drift,Joy,-0.2583514351652758,Decrease,0.08306938282829443,0.1029085260178406,0.004763635034379127,-0.2583514351652758,-0.046549204978648395,0.012486991715905737,0.10167212549463976
Cairo,2020-08-01,2020-09-01,10.0,13,0.28381258477840166,0.3024295530562039,2.782004289829882,Notable Drift,Neutral,-0.3072127940061575,Decrease,0.0022618503130685808,-0.008615881419525719,-0.010539349028840676,0.01679291801097299,-0.3072127940061575,0.03502833690100277,0.27228489217993157
Bali,2022-11-01,2022-12-01,20.0,68,0.30391492043316365,0.3046381377121834,2.7714727056913433,Notable Drift,Joy,0.33475245839423123,Increase,-0.012898475625928885,-0.052947732216938784,-0.009706183913787012,0.33475245839423123,-0.16924537511761578,-0.08259896519936294,-0.0073557247137240045
Dubai,2022-07-01,2022-08-01,29.0,13,0.24361894994214142,0.1712128702135337,2.7618156021605693,Notable Drift,Surprise,0.24557613769289238,Increase,0.009088963509039504,-0.04696094117526323,0.013148504570943319,-0.16991407669764463,-0.00048534487514939606,-0.0504532541131072,0.24557613769289238
Marrakech,2019-06-01,2019-07-01,23.0,12,0.21602414169758363,0.18095417253765989,2.6283476559350354,Notable Drift,Joy,-0.2603826279704716,Decrease,-0.015760676455734635,0.007126361259893674,0.01833735685879904,-0.2603826279704716,0.14468178084201144,0.018298042167072592,0.08769978194133098
Rome,2024-06-01,2024-07-01,20.0,24,0.24984541188306247,0.1493363169817934,2.6258713351667673,Notable Drift,Joy,0.24328894528249906,Increase,0.0031606846222227043,-0.011548167156676448,0.007873923568695302,0.24328894528249906,-0.23581099922303106,0.05907392650842669,-0.066038324633458
Marrakech,2024-08-01,2024-09-01,40.0,22,0.2135874808101725,0.13745615059594973,2.571830890996876,Notable Drift,Neutral,-0.16782729161522264,Decrease,0.03483885525651698,-0.02604573492796837,-0.0009276436227082796,-0.04866209341774014,-0.16782729161522264,0.15169850951589814,0.05692538242967038
