Event_ID,City,Previous_Month,Drift_Month,Robust_Z,Drift_Category,Main_Emotion_Change,Emotion_Direction,Emotion_Change,Rating_Change,Attraction_Overlap,Before_Keywords,After_Keywords,Possible_External_Event,Event_Date,Event_Category,Review_Evidence,External_Source,Evidence_Strength,Interpretation
Miami_2020-11_2020-12,Miami,2020-11-01,2020-12-01,4.599705603870418,Extreme Drift,Disgust,Decrease,-0.3647030850196293,0.7461538461538462,1.0,"cruelty, nice, people, overall, overall nice, drunk people, animal, drunk, animal cruelty, great","lots, place, expected, recommend, aquarium, great, lots work, christmas vacation, christmas, nice","Post-COVID reopening and expansion of tourism and attraction activity, including Miami Seaquarium",November-December 2020,COVID-19 tourism recovery / attraction reopening,"Disgust decreased strongly (-0.365) while mean rating increased from 3.10 to 3.85. The same three attractions were represented before and after the transition. November contained strong Seaquarium-related disgust reviews, while December contained more positive tourism experiences.",Miami Herald / CBS Miami / Miami-Dade County,Moderate,"The transition coincided with the reopening and expansion of attraction and tourism activity during the COVID-19 recovery period. This provides plausible contextual alignment with the observed improvement in review emotion and ratings, but does not establish that reopening caused the emotional drift."
Marrakech_2024-11_2024-12,Marrakech,2024-11-01,2024-12-01,4.523350600077433,Extreme Drift,Joy,Decrease,-0.2666156861052277,-1.3278985507246377,0.6666666666666666,"garden, worth, time, transfer, right, expensive, useful, place, calm, experience","watch, nice, place, beautiful, animal, stalls, stall, worth, avoid, eat",Ongoing animal-welfare concerns involving Barbary macaques and other animals used for tourist entertainment at Jemaa el-Fnaa,Ongoing issue; observed in December 2024 reviews,Destination-specific animal-welfare issue,Joy decreased by 0.267 and mean rating fell from 3.87 to 2.54. December negative reviews were concentrated around Jemaa el-Fnaa and explicitly referred to animal cruelty and abuse of macaques. TF-IDF analysis also surfaced animal-related vocabulary in December.,National Geographic / Born Free,Moderate,"The emotional deterioration coincides with review-level concerns about animal treatment at Jemaa el-Fnaa. Independent sources confirm that exploitation of Barbary macaques for tourist entertainment is a documented and persistent issue at the square. However, no evidence was identified of a discrete new animal-welfare event beginning in December 2024. The result is therefore interpreted as contextual alignment with an ongoing destination-specific issue rather than a causal response to a newly occurring event."
Paris_2021-03_2021-04,Paris,2021-03-01,2021-04-01,3.365464548100206,Notable Drift,Neutral,Increase,0.2901427158154547,-0.8250000000000002,0.8,"horrendous, place, place tired, love place, love, tired, visit, liked view, view, triumphal","metro, paris, necessarily, ms, gurllll, wondering, ms gurllll, left, left wondering, loved","COVID-19 lockdown and severe restrictions on tourism, cultural venues and public activities in Paris",March-April 2021,COVID-19 restrictions / tourism disruption,"Neutral emotion increased by 0.290 while Joy declined, and the average rating decreased from 4.20 to 3.38. Most attractions remained represented across both months (attraction overlap 0.80).",Ville de Paris / Paris Musées,Moderate,"The emotional transition coincided with intensified COVID-19 restrictions and severely constrained tourism and cultural activity in Paris. The timing and decline in ratings provide plausible contextual alignment. However, the small review sample and limited explicit COVID-related review text prevent a causal interpretation."
Barcelona_2022-07_2022-08,Barcelona,2022-07-01,2022-08-01,3.195792664011494,Notable Drift,Neutral,Increase,0.29316609327753,0.7179487179487181,0.5,"beautiful, barcelona, park, worth, gaudi, visit, time, nice, walk, place","barcelona, gothic, time, going time, barri gothic, going, barri, amazing, simply, simply amazing",No specific external event identified,July-August 2022,No identifiable external association,"Neutral increased by 0.293 while Joy decreased by 0.225. However, review volume fell sharply from 78 to 12 reviews, the attraction overlap was only 0.50, and the mean rating increased from 4.28 to 5.00.",Barcelona Tourism Observatory / Barcelona Tourism,No identifiable external association,No sufficiently supported external event was identified that explains the July-August emotional transition. Barcelona maintained substantial tourism activity during August 2022. The sharp reduction in review volume and change in attraction composition provide a stronger alternative explanation for the observed city-level emotion-profile change. The episode is therefore retained as a statistically notable drift but is not mapped to a specific external event.
Marrakech_2021-10_2021-11,Marrakech,2021-10-01,2021-11-01,3.127092825600648,Notable Drift,Joy,Decrease,-0.2012901966739446,-0.2533333333333334,0.8,"nice, beautiful, marrakech, garden, stop, worth, gardens, place, fantastic, beautiful square","suggestive, palace, beautiful, unique, beautiful palace, unique square, square, shock, architecture, thiefs",Progressive COVID-19 international flight restrictions affecting Morocco during October-November 2021,20 October-29 November 2021,COVID-19 travel restrictions / tourism disruption,"Joy decreased by 0.201 while Neutral increased by 0.150 and mean rating declined from 4.12 to 3.87. Review volume also decreased from 25 to 15, while attraction overlap remained relatively high at 0.80.",Moroccan Ministry of Tourism / Euronews,Moderate,"The emotional transition occurred during a period of progressively tightening international travel restrictions. Morocco suspended flights with several major European markets from October 2021, followed by restrictions involving France and ultimately all incoming passenger flights at the end of November. This provides plausible tourism-related context for the detected drift, but the review evidence does not directly establish that these restrictions produced the observed emotional change."
Cairo_2023-03_2023-04,Cairo,2023-03-01,2023-04-01,2.8501244793547613,Notable Drift,Joy,Decrease,-0.2583514351652758,-0.2999999999999998,0.6,"mosque, lovely, cairo, stunning mosque, stunning, great, area, eclectic, market, lovely area","stunning, cairo, nice, world, guide, sensational, mosque, don, highlights cairo, city","Ramadan 2023 and associated changes in daily operating patterns, transport and attraction schedules",23 March-20 April 2023,Religious period / tourism operating environment,"Joy decreased by 0.258 while Disgust, Surprise and Anger increased. Mean rating declined slightly from 4.30 to 4.00. Review volume remained stable at 20 to 21 reviews, while attraction overlap was 0.60.",Egypt State Information Service / Ahram Online / Ministry of Tourism and Antiquities,Weak,"The March-April transition coincided closely with Ramadan, which altered operating schedules and daily activity patterns in Cairo. However, the review text does not directly connect the emotional change to Ramadan, the rating decline was small, and Egypt recorded very strong tourism activity in April. Ramadan is therefore retained only as a possible contextual factor rather than an explanation of the detected drift."
Cairo_2020-08_2020-09,Cairo,2020-08-01,2020-09-01,2.782004289829882,Notable Drift,Neutral,Decrease,-0.3072127940061575,0.06923076923076898,0.4,"experience, historic, unique experience, beautiful experience, beautiful, unique, loads antiques, easy navigate, easy, antiques","place, amazing, history, disappointing, beautiful, museum, amazing place, amazing museum, experience, believe small",Resumption of cultural tourism and nationwide reopening of museums and archaeological sites in Egypt,1 September 2020,COVID-19 reopening / cultural tourism recovery,"Neutral decreased by 0.307 while Surprise increased by 0.272. Mean rating remained very positive, increasing slightly from 4.70 to 4.77. Review volume increased from 10 to 13, but attraction overlap was low at 0.40.",Egypt State Information Service / Ministry of Tourism and Antiquities,Moderate,"The detected emotional transition coincided exactly with Egypt's resumption of cultural tourism on 1 September 2020, when museums and archaeological sites reopened nationwide. The increase in Surprise and continued high ratings are compatible with a changing tourism environment following reopening. However, the small number of reviews and low attraction overlap indicate that sample and attraction composition may also have contributed substantially. The relationship is therefore treated as contextual alignment rather than evidence of causality."
Bali_2022-11_2022-12,Bali,2022-11-01,2022-12-01,2.7714727056913437,Notable Drift,Joy,Increase,0.3347524583942312,0.5117647058823533,1.0,"experience, good, worth, expecting, interesting, visit, monkey, time, good experience, worth visit","nice, monkey, experience, visit, wonderful, rice, visit ubud, ubud, great, worth",Strong year-end increase in Bali tourism activity and international visitor arrivals,December 2022,Tourism recovery / year-end tourism surge,"Joy increased strongly by 0.335 while Neutral and Sadness declined. Mean rating increased from 3.90 to 4.41 and review volume increased from 20 to 68. Attraction overlap was 1.00, indicating that the same set of attractions remained represented across both months.",BPS Statistics of Bali Province,Moderate,"The positive emotional transition coincided with a strong increase in Bali tourism activity. Official statistics show that direct foreign tourist arrivals increased by 31.27% from November to December 2022, accompanied by higher hotel occupancy and transport activity. The review dataset shows parallel increases in review volume, average rating and Joy. Because attraction overlap was complete, the transition is less easily explained by a completely different attraction set. Nevertheless, these parallel changes establish contextual alignment rather than causality."
Dubai_2022-07_2022-08,Dubai,2022-07-01,2022-08-01,2.7618156021605693,Notable Drift,Surprise,Increase,0.2455761376928923,0.12466843501326252,0.5,"place, good, miracle, lovely, dubai, experience, night, mall, explore, really","mall, dubai, dubai mall, world, mall world, big, mall mall, service, fantastic, fantastic time",No specific external event identified,July-August 2022,No identifiable external association,Surprise increased by 0.246 while Joy decreased by 0.170. Mean rating remained high and increased slightly from 4.41 to 4.54. Review volume fell from 29 to 13 and attraction overlap was only 0.50. August keywords also showed stronger concentration around Dubai Mall.,Dubai Government Media Office / Dubai Department of Economy and Tourism,No identifiable external association,"Dubai experienced strong summer tourism activity during both July and August 2022, including Dubai Summer Surprises and the #DubaiDestinations campaign. However, these activities span both months and no sufficiently specific external event was identified at the July-August transition. The substantial decline in review volume, low attraction overlap and stronger August concentration around Dubai Mall provide plausible sample and attraction-composition explanations. The episode is therefore retained as a statistically notable drift without attribution to a specific external event."
Marrakech_2019-06_2019-07,Marrakech,2019-06-01,2019-07-01,2.6283476559350354,Notable Drift,Joy,Decrease,-0.2603826279704716,-0.3840579710144927,0.5,"overpriced, beautiful, garden, medina, nice, place, beautiful garden, recommend, pretty, loved","interesting, beautiful, tombs, intriguing tombs, small, beautiful small, intriguing, worth, perspective, mosque",Transition to substantially hotter summer sightseeing conditions in Marrakech,July 2019,Seasonal weather / tourism environment,"Joy decreased by 0.260 and average rating declined from 4.22 to 3.83. July reviews continued to concern outdoor tourism attractions, including tombs and other historic sites. However, review volume fell from 23 to 12 and attraction overlap was only 0.50.",Historical Marrakech weather records / Marrakech Menara meteorological data,Weak,"The detected decline in Joy coincided with the transition to hotter summer conditions in Marrakech. Historical weather records show higher average and maximum temperatures in July than in June, with several very hot days during July. Such conditions provide a plausible contextual factor for outdoor sightseeing experiences. However, the review text does not directly attribute dissatisfaction to heat, and the reduced review volume and low attraction overlap provide alternative explanations. The association is therefore classified as Weak."
Rome_2024-06_2024-07,Rome,2024-06-01,2024-07-01,2.6258713351667677,Notable Drift,Joy,Increase,0.243288945282499,-0.22499999999999964,0.0,"roman, roman forum, forum, thumbs, interesting, skip line, skip, line, rich history, huge","rome, beautiful, impressive, nice, chaos, entertainment, magnificent, mesmerizing, recommend, crowded",Exceptional summer heatwave affecting Rome and tourist sightseeing conditions,July 2024,Extreme weather / tourism environment,"Joy increased by 0.243 while Neutral decreased by 0.236. Average rating declined slightly from 4.60 to 4.38. Review volume remained relatively stable at 20 versus 24. However, attraction overlap was 0.00, indicating completely different represented attraction sets between the two months.",ANSA / Reuters,Weak,"The July emotional transition occurred during an exceptional heatwave in Rome. Contemporary reporting documented extreme temperatures, heat alerts and difficult sightseeing conditions for tourists. This provides a temporally relevant tourism environment context. However, Joy increased rather than decreased, and attraction overlap between June and July was 0.00. The change in attraction composition therefore represents a major alternative explanation for the emotional drift. The external association is consequently classified as Weak and should not be interpreted causally."
Marrakech_2024-08_2024-09,Marrakech,2024-08-01,2024-09-01,2.571830890996876,Notable Drift,Neutral,Decrease,-0.1678272916152226,-0.04772727272727284,0.75,"beautiful, place, expensive, great, garden, avoid, serenity, square, high, beautiful garden","beautiful, totally, place, surprising, scammed, missed, dispense, don, nice, expensive",First anniversary of the Al Haouz earthquake amid continuing regional recovery and tourism activity,8 September 2024,Post-disaster recovery / destination context,"Neutral decreased by 0.168 while Sadness increased by 0.152. Average rating remained almost unchanged at 3.28 versus 3.23. Review volume declined from 40 to 22, while attraction overlap remained relatively high at 0.75. September keywords included terms such as 'surprising' and 'scammed'.",Reuters / Morocco tourism statistics,Weak,"The September 2024 emotional transition occurred around the first anniversary of the September 2023 Al Haouz earthquake, while reconstruction and regional recovery were still ongoing. This provides a temporally and geographically relevant destination context. However, the review text does not directly connect the increase in Sadness to earthquake recovery, and average ratings remained almost unchanged. The decline in review volume and other visitor-experience factors may also have contributed. The external association is therefore classified as Weak and is not interpreted as causal."
