City,Previous_Month,Drift_Month,Robust_Z,Drift_Category,Main_Emotion_Change,Emotion_Direction,Emotion_Change,Possible_External_Event,Event_Category,Evidence_Strength
Miami,2020-11-01,2020-12-01,4.599705603870418,Extreme Drift,Disgust,Decrease,-0.3647030850196293,"Post-COVID reopening and expansion of tourism and attraction activity, including Miami Seaquarium",COVID-19 tourism recovery / attraction reopening,Moderate
Marrakech,2024-11-01,2024-12-01,4.523350600077433,Extreme Drift,Joy,Decrease,-0.2666156861052277,Ongoing animal-welfare concerns involving Barbary macaques and other animals used for tourist entertainment at Jemaa el-Fnaa,Destination-specific animal-welfare issue,Moderate
Paris,2021-03-01,2021-04-01,3.365464548100206,Notable Drift,Neutral,Increase,0.2901427158154547,"COVID-19 lockdown and severe restrictions on tourism, cultural venues and public activities in Paris",COVID-19 restrictions / tourism disruption,Moderate
Barcelona,2022-07-01,2022-08-01,3.195792664011494,Notable Drift,Neutral,Increase,0.29316609327753,No specific external event identified,No identifiable external association,No identifiable external association
Marrakech,2021-10-01,2021-11-01,3.127092825600648,Notable Drift,Joy,Decrease,-0.2012901966739446,Progressive COVID-19 international flight restrictions affecting Morocco during October-November 2021,COVID-19 travel restrictions / tourism disruption,Moderate
Cairo,2023-03-01,2023-04-01,2.8501244793547613,Notable Drift,Joy,Decrease,-0.2583514351652758,"Ramadan 2023 and associated changes in daily operating patterns, transport and attraction schedules",Religious period / tourism operating environment,Weak
Cairo,2020-08-01,2020-09-01,2.782004289829882,Notable Drift,Neutral,Decrease,-0.3072127940061575,Resumption of cultural tourism and nationwide reopening of museums and archaeological sites in Egypt,COVID-19 reopening / cultural tourism recovery,Moderate
Bali,2022-11-01,2022-12-01,2.7714727056913437,Notable Drift,Joy,Increase,0.3347524583942312,Strong year-end increase in Bali tourism activity and international visitor arrivals,Tourism recovery / year-end tourism surge,Moderate
Dubai,2022-07-01,2022-08-01,2.7618156021605693,Notable Drift,Surprise,Increase,0.2455761376928923,No specific external event identified,No identifiable external association,No identifiable external association
Marrakech,2019-06-01,2019-07-01,2.6283476559350354,Notable Drift,Joy,Decrease,-0.2603826279704716,Transition to substantially hotter summer sightseeing conditions in Marrakech,Seasonal weather / tourism environment,Weak
Rome,2024-06-01,2024-07-01,2.6258713351667677,Notable Drift,Joy,Increase,0.243288945282499,Exceptional summer heatwave affecting Rome and tourist sightseeing conditions,Extreme weather / tourism environment,Weak
Marrakech,2024-08-01,2024-09-01,2.571830890996876,Notable Drift,Neutral,Decrease,-0.1678272916152226,First anniversary of the Al Haouz earthquake amid continuing regional recovery and tourism activity,Post-disaster recovery / destination context,Weak
